<?xml version="1.0" encoding="iso-8859-1"?>

<Database>
   <Name>SAE104_BD MALLET Mathias MOYENIN Nicolas NGUYEN Vinh Tan Thomas OLS Lucas PETIT No&#233;</Name>
   <Table>
      <Name>Aliment</Name>
      <Column>
         <Name>id_aliment</Name>
         <Type>INT</Type>
      </Column>
      <Column>
         <Name>nom_aliment</Name>
         <Type>VARCHAR(50)</Type>
      </Column>
      <PK>
         <Key>id_aliment</Key>
      </PK>
   </Table>
   <Table>
      <Name>Ingredient</Name>
      <Column>
         <Name>id_ingredient</Name>
         <Type>INT</Type>
      </Column>
      <Column>
         <Name>nom_ingredient</Name>
         <Type>VARCHAR(50)</Type>
         <Property>NOT NULL</Property>
      </Column>
      <PK>
         <Key>id_ingredient</Key>
      </PK>
   </Table>
   <Table>
      <Name>Machine</Name>
      <Column>
         <Name>id_machine</Name>
         <Type>INT</Type>
      </Column>
      <Column>
         <Name>nom_machine</Name>
         <Type>VARCHAR(50)</Type>
         <Property>NOT NULL</Property>
      </Column>
      <Column>
         <Name>mod&#232;le_machine_</Name>
         <Type>VARCHAR(100)</Type>
         <Property>NOT NULL</Property>
      </Column>
      <PK>
         <Key>id_machine</Key>
      </PK>
   </Table>
   <Table>
      <Name>Entretien</Name>
      <Column>
         <Name>id_entretien</Name>
         <Type>INT</Type>
      </Column>
      <Column>
         <Name>date_entretien</Name>
         <Type>DATETIME</Type>
         <Property>NOT NULL</Property>
      </Column>
      <Column>
         <Name>type_entretien</Name>
         <Type>VARCHAR(100)</Type>
         <Property>NOT NULL</Property>
      </Column>
      <Column>
         <Name>id_machine</Name>
         <Type>INT</Type>
         <Property>NOT NULL</Property>
      </Column>
      <PK>
         <Key>id_entretien</Key>
      </PK>
      <FK>
         <Key>id_machine</Key>
         <Reference>Machine(id_machine)</Reference>
      </FK>
   </Table>
   <Table>
      <Name>Grade</Name>
      <Column>
         <Name>id_grade</Name>
         <Type>INT</Type>
      </Column>
      <Column>
         <Name>nom_grade</Name>
         <Type>VARCHAR(50)</Type>
         <Property>NOT NULL</Property>
      </Column>
      <PK>
         <Key>id_grade</Key>
      </PK>
   </Table>
   <Table>
      <Name>AutresAliments</Name>
      <Column>
         <Name>id_aliment</Name>
         <Type>INT</Type>
      </Column>
      <PK>
         <Key>id_aliment</Key>
      </PK>
      <FK>
         <Key>id_aliment</Key>
         <Reference>Aliment(id_aliment)</Reference>
      </FK>
   </Table>
   <Table>
      <Name>Legume</Name>
      <Column>
         <Name>id_aliment</Name>
         <Type>INT</Type>
      </Column>
      <Column>
         <Name>type_legume</Name>
         <Type>VARCHAR(50)</Type>
         <Property>NOT NULL</Property>
      </Column>
      <PK>
         <Key>id_aliment</Key>
      </PK>
      <FK>
         <Key>id_aliment</Key>
         <Reference>Aliment(id_aliment)</Reference>
      </FK>
   </Table>
   <Table>
      <Name>Croyances</Name>
      <Column>
         <Name>id_croyances</Name>
         <Type>INT</Type>
      </Column>
      <Column>
         <Name>nom_croyances</Name>
         <Type>VARCHAR(50)</Type>
      </Column>
      <PK>
         <Key>id_croyances</Key>
      </PK>
   </Table>
   <Table>
      <Name>Allerg&#232;nes</Name>
      <Column>
         <Name>id_allerg&#232;ne</Name>
         <Type>INT</Type>
      </Column>
      <Column>
         <Name>nom_allerg&#232;ne</Name>
         <Type>VARCHAR(50)</Type>
      </Column>
      <PK>
         <Key>id_allerg&#232;ne</Key>
      </PK>
   </Table>
   <Table>
      <Name>UtilisationMachine</Name>
      <Column>
         <Name>id_utilisationmachine</Name>
         <Type>VARCHAR(50)</Type>
      </Column>
      <Column>
         <Name>date_utilisation</Name>
         <Type>DATETIME</Type>
      </Column>
      <Column>
         <Name>duree</Name>
         <Type>INT</Type>
      </Column>
      <Column>
         <Name>temp&#233;rature</Name>
         <Type>VARCHAR(50)</Type>
      </Column>
      <PK>
         <Key>id_utilisationmachine</Key>
      </PK>
   </Table>
   <Table>
      <Name>Boisson</Name>
      <Column>
         <Name>id_boisson</Name>
         <Type>INT</Type>
      </Column>
      <Column>
         <Name>nom_boisson</Name>
         <Type>VARCHAR(50)</Type>
      </Column>
      <Column>
         <Name>type_boisson</Name>
         <Type>VARCHAR(50)</Type>
      </Column>
      <PK>
         <Key>id_boisson</Key>
      </PK>
   </Table>
   <Table>
      <Name>NotationPlat</Name>
      <Column>
         <Name>id_notation</Name>
         <Type>INT</Type>
      </Column>
      <Column>
         <Name>note</Name>
         <Type>INT</Type>
         <Property>NOT NULL</Property>
      </Column>
      <Column>
         <Name>commentaire</Name>
         <Type>VARCHAR(50)</Type>
      </Column>
      <Column>
         <Name>date_notation</Name>
         <Type>DATETIME</Type>
      </Column>
      <PK>
         <Key>id_notation</Key>
      </PK>
   </Table>
   <Table>
      <Name>Tenrac</Name>
      <Column>
         <Name>id_tenrac</Name>
         <Type>INT</Type>
      </Column>
      <Column>
         <Name>nom</Name>
         <Type>VARCHAR(50)</Type>
         <Property>NOT NULL</Property>
      </Column>
      <Column>
         <Name>prenom</Name>
         <Type>VARCHAR(50)</Type>
         <Property>NOT NULL</Property>
      </Column>
      <Column>
         <Name>courriel</Name>
         <Type>VARCHAR(50)</Type>
         <Property>NOT NULL UNIQUE</Property>
      </Column>
      <Column>
         <Name>t&#233;l&#233;phone</Name>
         <Type>VARCHAR(50)</Type>
         <Property>NOT NULL UNIQUE</Property>
      </Column>
      <Column>
         <Name>adresse_postale</Name>
         <Type>TEXT</Type>
         <Property>NOT NULL</Property>
      </Column>
      <Column>
         <Name>code_personnel</Name>
         <Type>VARCHAR(50)</Type>
      </Column>
      <Column>
         <Name>id_grade</Name>
         <Type>INT</Type>
         <Property>NOT NULL</Property>
      </Column>
      <Column>
         <Name>id_entretien</Name>
         <Type>INT</Type>
         <Property>NOT NULL</Property>
      </Column>
      <PK>
         <Key>id_tenrac</Key>
      </PK>
      <AK>
         <Key>courriel</Key>
      </AK>
      <AK>
         <Key>t&#233;l&#233;phone</Key>
      </AK>
      <FK>
         <Key>id_grade</Key>
         <Reference>Grade(id_grade)</Reference>
      </FK>
      <FK>
         <Key>id_entretien</Key>
         <Reference>Entretien(id_entretien)</Reference>
      </FK>
   </Table>
   <Table>
      <Name>Organisme</Name>
      <Column>
         <Name>id_organisme</Name>
         <Type>INT</Type>
      </Column>
      <Column>
         <Name>raison_sociale</Name>
         <Type>VARCHAR(50)</Type>
         <Property>NOT NULL</Property>
      </Column>
      <Column>
         <Name>siret</Name>
         <Type>BIGINT</Type>
         <Property>NOT NULL</Property>
      </Column>
      <Column>
         <Name>id_tenrac</Name>
         <Type>INT</Type>
         <Property>NOT NULL</Property>
      </Column>
      <PK>
         <Key>id_organisme</Key>
      </PK>
      <FK>
         <Key>id_tenrac</Key>
         <Reference>Tenrac(id_tenrac)</Reference>
      </FK>
   </Table>
   <Table>
      <Name>Plat</Name>
      <Column>
         <Name>id_plat</Name>
         <Type>INT</Type>
      </Column>
      <Column>
         <Name>nom_plat</Name>
         <Type>VARCHAR(50)</Type>
         <Property>NOT NULL</Property>
      </Column>
      <Column>
         <Name>id_aliment</Name>
         <Type>INT</Type>
         <Property>NOT NULL</Property>
      </Column>
      <PK>
         <Key>id_plat</Key>
      </PK>
      <FK>
         <Key>id_aliment</Key>
         <Reference>Aliment(id_aliment)</Reference>
      </FK>
   </Table>
   <Table>
      <Name>Sauce</Name>
      <Column>
         <Name>id_sauce</Name>
         <Type>INT</Type>
      </Column>
      <Column>
         <Name>nom_sauce</Name>
         <Type>VARCHAR(50)</Type>
         <Property>NOT NULL</Property>
      </Column>
      <Column>
         <Name>id_ingredient</Name>
         <Type>INT</Type>
         <Property>NOT NULL</Property>
      </Column>
      <PK>
         <Key>id_sauce</Key>
      </PK>
      <FK>
         <Key>id_ingredient</Key>
         <Reference>Ingredient(id_ingredient)</Reference>
      </FK>
   </Table>
   <Table>
      <Name>Rang</Name>
      <Column>
         <Name>id_rang</Name>
         <Type>INT</Type>
      </Column>
      <Column>
         <Name>nom_rang</Name>
         <Type>VARCHAR(50)</Type>
         <Property>NOT NULL</Property>
      </Column>
      <Column>
         <Name>id_tenrac</Name>
         <Type>INT</Type>
         <Property>NOT NULL</Property>
      </Column>
      <PK>
         <Key>id_rang</Key>
      </PK>
      <AK>
         <Key>id_tenrac</Key>
      </AK>
      <FK>
         <Key>id_tenrac</Key>
         <Reference>Tenrac(id_tenrac)</Reference>
      </FK>
   </Table>
   <Table>
      <Name>Titre</Name>
      <Column>
         <Name>id_titre</Name>
         <Type>INT</Type>
      </Column>
      <Column>
         <Name>nom_titre</Name>
         <Type>VARCHAR(50)</Type>
         <Property>NOT NULL</Property>
      </Column>
      <Column>
         <Name>id_tenrac</Name>
         <Type>INT</Type>
         <Property>NOT NULL</Property>
      </Column>
      <PK>
         <Key>id_titre</Key>
      </PK>
      <AK>
         <Key>id_tenrac</Key>
      </AK>
      <FK>
         <Key>id_tenrac</Key>
         <Reference>Tenrac(id_tenrac)</Reference>
      </FK>
   </Table>
   <Table>
      <Name>Dignite</Name>
      <Column>
         <Name>id_dignit&#233;</Name>
         <Type>INT</Type>
      </Column>
      <Column>
         <Name>nom_dignit&#233;</Name>
         <Type>VARCHAR(50)</Type>
         <Property>NOT NULL</Property>
      </Column>
      <Column>
         <Name>id_tenrac</Name>
         <Type>INT</Type>
         <Property>NOT NULL</Property>
      </Column>
      <PK>
         <Key>id_dignit&#233;</Key>
      </PK>
      <AK>
         <Key>id_tenrac</Key>
      </AK>
      <FK>
         <Key>id_tenrac</Key>
         <Reference>Tenrac(id_tenrac)</Reference>
      </FK>
   </Table>
   <Table>
      <Name>TenracClub</Name>
      <Column>
         <Name>id_tenrac</Name>
         <Type>INT</Type>
      </Column>
      <Column>
         <Name>id_club</Name>
         <Type>INT</Type>
         <Property>NOT NULL</Property>
      </Column>
      <PK>
         <Key>id_tenrac</Key>
      </PK>
      <FK>
         <Key>id_tenrac</Key>
         <Reference>Tenrac(id_tenrac)</Reference>
      </FK>
   </Table>
   <Table>
      <Name>TenracOrdre</Name>
      <Column>
         <Name>id_tenrac</Name>
         <Type>INT</Type>
      </Column>
      <Column>
         <Name>id_ordre</Name>
         <Type>INT</Type>
         <Property>NOT NULL</Property>
      </Column>
      <PK>
         <Key>id_tenrac</Key>
      </PK>
      <FK>
         <Key>id_tenrac</Key>
         <Reference>Tenrac(id_tenrac)</Reference>
      </FK>
   </Table>
   <Table>
      <Name>Repas</Name>
      <Column>
         <Name>id_repas</Name>
         <Type>INT</Type>
      </Column>
      <Column>
         <Name>Intitul&#233;_repas</Name>
         <Type>VARCHAR(50)</Type>
         <Property>NOT NULL</Property>
      </Column>
      <Column>
         <Name>id_plat</Name>
         <Type>INT</Type>
         <Property>NOT NULL</Property>
      </Column>
      <Column>
         <Name>id_boisson</Name>
         <Type>INT</Type>
         <Property>NOT NULL</Property>
      </Column>
      <PK>
         <Key>id_repas</Key>
      </PK>
      <FK>
         <Key>id_plat</Key>
         <Reference>Plat(id_plat)</Reference>
      </FK>
      <FK>
         <Key>id_boisson</Key>
         <Reference>Boisson(id_boisson)</Reference>
      </FK>
   </Table>
   <Table>
      <Name>Reunion</Name>
      <Column>
         <Name>id_reunion</Name>
         <Type>INT</Type>
      </Column>
      <Column>
         <Name>date_reunion</Name>
         <Type>DATETIME</Type>
         <Property>NOT NULL</Property>
      </Column>
      <Column>
         <Name>adresse_reunion</Name>
         <Type>TEXT</Type>
         <Property>NOT NULL</Property>
      </Column>
      <Column>
         <Name>id_tenrac</Name>
         <Type>INT</Type>
         <Property>NOT NULL</Property>
      </Column>
      <Column>
         <Name>id_repas</Name>
         <Type>INT</Type>
         <Property>NOT NULL</Property>
      </Column>
      <PK>
         <Key>id_reunion</Key>
      </PK>
      <FK>
         <Key>id_tenrac</Key>
         <Reference>Tenrac(id_tenrac)</Reference>
      </FK>
      <FK>
         <Key>id_repas</Key>
         <Reference>Repas(id_repas)</Reference>
      </FK>
   </Table>
   <Table>
      <Name>Accompagn&#233;_de</Name>
      <Column>
         <Name>id_plat</Name>
         <Type>INT</Type>
      </Column>
      <Column>
         <Name>id_sauce</Name>
         <Type>INT</Type>
      </Column>
      <PK>
         <Key>id_plat, id_sauce</Key>
      </PK>
      <FK>
         <Key>id_plat</Key>
         <Reference>Plat(id_plat)</Reference>
      </FK>
      <FK>
         <Key>id_sauce</Key>
         <Reference>Sauce(id_sauce)</Reference>
      </FK>
   </Table>
   <Table>
      <Name>Peut_heurter</Name>
      <Column>
         <Name>id_aliment</Name>
         <Type>INT</Type>
      </Column>
      <Column>
         <Name>id_croyances</Name>
         <Type>INT</Type>
      </Column>
      <PK>
         <Key>id_aliment, id_croyances</Key>
      </PK>
      <FK>
         <Key>id_aliment</Key>
         <Reference>Aliment(id_aliment)</Reference>
      </FK>
      <FK>
         <Key>id_croyances</Key>
         <Reference>Croyances(id_croyances)</Reference>
      </FK>
   </Table>
   <Table>
      <Name>Peut_provoquer</Name>
      <Column>
         <Name>id_aliment</Name>
         <Type>INT</Type>
      </Column>
      <Column>
         <Name>id_allerg&#232;ne</Name>
         <Type>INT</Type>
      </Column>
      <PK>
         <Key>id_aliment, id_allerg&#232;ne</Key>
      </PK>
      <FK>
         <Key>id_aliment</Key>
         <Reference>Aliment(id_aliment)</Reference>
      </FK>
      <FK>
         <Key>id_allerg&#232;ne</Key>
         <Reference>Allerg&#232;nes(id_allerg&#232;ne)</Reference>
      </FK>
   </Table>
   <Table>
      <Name>Utilise_machine</Name>
      <Column>
         <Name>id_plat</Name>
         <Type>INT</Type>
      </Column>
      <Column>
         <Name>id_utilisationmachine</Name>
         <Type>VARCHAR(50)</Type>
      </Column>
      <PK>
         <Key>id_plat, id_utilisationmachine</Key>
      </PK>
      <FK>
         <Key>id_plat</Key>
         <Reference>Plat(id_plat)</Reference>
      </FK>
      <FK>
         <Key>id_utilisationmachine</Key>
         <Reference>UtilisationMachine(id_utilisationmachine)</Reference>
      </FK>
   </Table>
   <Table>
      <Name>Utilise</Name>
      <Column>
         <Name>id_machine</Name>
         <Type>INT</Type>
      </Column>
      <Column>
         <Name>id_utilisationmachine</Name>
         <Type>VARCHAR(50)</Type>
      </Column>
      <PK>
         <Key>id_machine, id_utilisationmachine</Key>
      </PK>
      <FK>
         <Key>id_machine</Key>
         <Reference>Machine(id_machine)</Reference>
      </FK>
      <FK>
         <Key>id_utilisationmachine</Key>
         <Reference>UtilisationMachine(id_utilisationmachine)</Reference>
      </FK>
   </Table>
   <Table>
      <Name>Est_not&#233;</Name>
      <Column>
         <Name>id_plat</Name>
         <Type>INT</Type>
      </Column>
      <Column>
         <Name>id_notation</Name>
         <Type>INT</Type>
      </Column>
      <PK>
         <Key>id_plat, id_notation</Key>
      </PK>
      <FK>
         <Key>id_plat</Key>
         <Reference>Plat(id_plat)</Reference>
      </FK>
      <FK>
         <Key>id_notation</Key>
         <Reference>NotationPlat(id_notation)</Reference>
      </FK>
   </Table>
   <Table>
      <Name>Attribue</Name>
      <Column>
         <Name>id_tenrac</Name>
         <Type>INT</Type>
      </Column>
      <Column>
         <Name>id_notation</Name>
         <Type>INT</Type>
      </Column>
      <PK>
         <Key>id_tenrac, id_notation</Key>
      </PK>
      <FK>
         <Key>id_tenrac</Key>
         <Reference>Tenrac(id_tenrac)</Reference>
      </FK>
      <FK>
         <Key>id_notation</Key>
         <Reference>NotationPlat(id_notation)</Reference>
      </FK>
   </Table>
</Database>
